price,resid_area,air_qual,room_num,age,dist1,dist2,dist3,dist4,teachers,poor_prop,airport,n_hos_beds,n_hot_rooms,waterbody,rainfall,parks,Sold
24.0,32.31,0.538,6.575,65.2,4.35,3.81,4.18,4.01,24.7,4.98,1,5.48,11.192,3,23,0.049347306,0
21.6,37.07,0.469,6.421,78.9,4.99,4.7,5.12,5.06,22.2,9.14,0,7.332,12.1728,0,42,0.046145633,1
34.7,37.07,0.469,7.185,61.1,5.03,4.86,5.01,4.97,22.2,4.03,0,7.394,101.12,2,38,0.045763966,0
33.4,32.18,0.458,6.998,45.8,6.21,5.93,6.16,5.96,21.3,2.94,1,9.268,11.2672,0,45,0.047150598,0
36.2,32.18,0.458,7.147,54.2,6.16,5.86,6.37,5.86,21.3,5.33,0,8.824,11.2896,0,55,0.039474005,0
28.7,32.18,0.458,6.43,58.7,6.22,5.8,6.23,5.99,21.3,5.21,1,7.174,14.2296,2,53,0.045909647,1
22.9,37.87,0.524,6.012,66.6,5.87,5.47,5.7,5.2,24.8,12.43,1,6.958,12.1832,3,41,0.052169908,1
22.1,37.87,0.524,6.172,96.1,6.04,5.85,6.25,5.66,24.8,19.15,0,5.842,12.1768,0,56,0.057074901,1
16.5,37.87,0.524,5.631,100.0,6.18,5.85,6.3,6.0,24.8,29.93,1,5.93,12.132,2,55,0.056302495,0
18.9,37.87,0.524,6.004,85.9,6.67,6.55,6.85,6.29,24.8,17.1,1,9.478,14.1512,3,45,0.050727252,0
15.0,37.87,0.524,6.377,94.3,6.65,6.31,6.55,5.88,24.8,20.45,0,6.0,11.12,0,29,0.057775258,1
18.9,37.87,0.524,6.009,82.9,6.27,5.93,6.51,6.19,24.8,13.27,0,9.278,13.1512,1,23,0.055236508,1
21.7,37.87,0.524,5.889,39.0,5.76,5.14,5.58,5.33,24.8,15.71,1,5.534,10.1736,1,57,0.057423248,1
20.4,38.14,0.538,5.949,61.8,4.72,4.59,4.93,4.59,19.0,8.26,1,5.908,14.1632,2,39,0.053463955,0
18.2,38.14,0.538,6.096,84.5,4.6,4.2,4.48,4.58,19.0,10.26,0,6.964,13.1456,2,49,0.059882129,0
19.9,38.14,0.538,5.834,56.5,4.6,4.35,4.72,4.32,19.0,8.47,1,8.498,14.1592,3,28,0.059750758,0
23.1,38.14,0.538,5.935,29.3,4.66,4.39,4.52,4.43,19.0,6.58,0,5.462,10.1848,2,46,0.054698587,0
17.5,38.14,0.538,5.99,81.7,4.56,4.15,4.36,3.97,19.0,14.67,0,5.45,11.14,0,56,0.05478547,1
20.2,38.14,0.538,5.456,36.6,3.8,3.52,3.86,4.0,19.0,11.69,1,8.504,12.1616,1,41,0.054250839,0
18.2,38.14,0.538,5.727,69.5,3.98,3.65,4.0,3.57,19.0,11.28,0,8.564,12.1456,1,27,0.057770199,1
13.6,38.14,0.538,5.57,98.1,3.93,3.59,4.09,3.58,19.0,21.02,1,8.272,15.1088,1,44,0.048317527,0
19.6,38.14,0.538,5.965,89.2,4.11,3.72,4.34,3.88,19.0,13.83,1,9.192,14.1568,2,23,0.054040555,0
15.2,38.14,0.538,6.142,91.7,4.18,3.98,4.31,3.45,19.0,18.72,1,5.804,14.1216,3,48,0.057413663,1
14.5,38.14,0.538,5.813,100.0,4.35,3.98,4.13,3.92,19.0,19.88,1,7.49,13.116,0,29,0.052609397,0
15.6,38.14,0.538,5.924,94.1,4.69,4.07,4.72,4.12,19.0,16.3,1,8.212,13.1248,0,27,0.050109252,1
13.9,38.14,0.538,5.599,85.7,4.69,4.33,4.72,4.08,19.0,16.51,1,9.378,13.1112,3,35,0.051585152,0
16.6,38.14,0.538,5.813,90.3,4.94,4.59,4.71,4.49,19.0,14.81,0,9.732,12.1328,0,59,0.04753336,1
14.8,38.14,0.538,6.047,88.8,4.5,4.4,4.6,4.31,19.0,17.28,1,8.696,13.1184,0,20,0.048746294,1
18.4,38.14,0.538,6.495,94.4,4.57,4.35,4.69,4.21,19.0,12.8,1,5.968,15.1472,3,35,0.054327375,1
21.0,38.14,0.538,6.674,87.3,4.53,3.94,4.36,4.13,19.0,11.98,0,9.02,12.168,3,50,0.048769785,0
12.7,38.14,0.538,5.713,94.1,4.52,4.18,4.37,3.86,19.0,22.6,0,9.854,12.1016,0,34,0.058542025,0
14.5,38.14,0.538,6.072,100.0,4.39,4.06,4.48,3.77,19.0,13.04,1,9.29,12.116,2,23,0.052254284,1
13.2,38.14,0.538,5.95,82.0,4.01,3.86,4.31,3.79,19.0,27.71,0,8.764,14.1056,3,25,0.053285159,0
13.1,38.14,0.538,5.701,95.0,3.8,3.67,3.96,3.72,19.0,18.35,1,8.362,15.1048,2,25,0.057017179,1
13.5,38.14,0.538,6.096,96.9,4.07,3.66,3.87,3.44,19.0,20.34,1,9.67,11.108,2,40,0.049603305,0
18.9,35.96,0.499,5.933,68.2,3.69,3.27,3.54,2.94,20.8,9.68,1,9.478,11.1512,3,43,0.052911735,1
20.0,35.96,0.499,5.841,61.4,3.39,3.28,3.62,3.22,20.8,11.41,0,7.5,15.16,2,39,0.045356817,0
21.0,35.96,0.499,5.85,41.5,3.98,3.75,4.12,3.89,20.8,8.77,1,8.12,10.168,3,21,0.050974724,0
24.2,35.96,0.499,5.966,30.2,4.15,3.66,4.04,3.54,20.8,10.13,1,8.184,10.1936,3,21,0.048389259,1
30.8,32.95,0.428,6.595,21.8,5.65,5.35,5.55,5.05,21.7,4.32,1,6.916,12.2464,3,49,0.045051199,1
34.9,32.95,0.428,7.024,15.8,5.63,5.31,5.53,5.14,21.7,1.98,1,6.198,15.2792,3,20,0.042761796,1
26.6,36.91,0.448,6.77,2.9,5.77,5.72,6.0,5.4,22.1,4.84,0,7.732,13.2128,1,30,0.04943941,1
25.3,36.91,0.448,6.169,6.6,5.93,5.46,5.88,5.62,22.1,5.81,0,8.106,15.2024,3,52,0.041829995,1
24.7,36.91,0.448,6.211,6.5,6.04,5.66,5.84,5.34,22.1,7.44,1,6.094,15.1976,3,56,0.044818593,1
21.2,36.91,0.448,6.069,40.0,5.81,5.51,5.9,5.67,22.1,9.55,0,9.024,12.1696,3,53,0.039936942,0
19.3,36.91,0.448,5.682,33.8,5.23,4.95,5.21,5.02,22.1,10.21,0,8.086,11.1544,3,21,0.044495948,0
20.0,36.91,0.448,5.786,33.3,5.25,5.0,5.4,4.75,22.1,14.15,1,9.3,12.16,0,39,0.045462478,0
16.6,36.91,0.448,6.03,85.5,5.83,5.64,5.75,5.54,22.1,18.8,1,5.332,12.1328,3,44,0.052566062,0
14.4,36.91,0.448,5.399,95.3,5.98,5.68,5.96,5.86,22.1,30.81,0,7.088,14.1152,2,34,0.042666167,0
19.4,36.91,0.448,5.602,62.0,6.11,5.9,6.3,6.04,22.1,16.2,0,5.988,13.1552,1,45,0.050609653,0
19.7,35.64,0.439,5.963,45.7,7.08,6.55,7.0,6.63,23.2,13.45,1,7.899767068273092,11.1576,3,21,0.040388562,1
20.5,35.64,0.439,6.115,63.0,7.04,6.74,7.08,6.41,23.2,9.43,1,7.01,11.164,0,30,0.047270246,1
25.0,35.64,0.439,6.511,21.1,7.02,6.76,7.12,6.37,23.2,5.28,0,9.9,14.2,3,56,0.046151955,1
23.4,35.64,0.439,5.998,21.4,6.89,6.52,6.87,6.98,23.2,8.43,0,9.168,11.1872,3,41,0.041560598,1
18.9,34.0,0.41,5.888,47.6,7.4,7.27,7.6,7.0,18.9,14.8,1,8.678,15.1512,2,55,0.038684066,0
35.4,31.22,0.403,7.249,21.9,8.9,8.41,8.79,8.69,22.1,4.81,1,7.508,13.2832,3,50,0.047984816,0
24.7,30.74,0.41,6.383,35.7,9.32,8.93,9.43,9.07,22.7,5.77,1,5.794,15.1976,0,22,0.038214107,0
31.6,31.32,0.411,6.816,40.5,8.63,8.28,8.37,8.02,24.9,3.95,1,7.432,15.2528,0,45,0.042595273,0
23.3,35.13,0.453,6.145,29.2,7.98,7.77,8.07,7.44,20.3,6.86,0,7.866,14.1864,2,22,0.04378357,0
19.6,35.13,0.453,5.927,47.2,7.26,6.68,7.1,6.68,20.3,9.22,1,6.192,14.1568,2,20,0.045900171,0
18.7,35.13,0.453,5.741,66.2,7.33,7.16,7.53,6.88,20.3,13.15,0,7.974,11.1496,3,30,0.043822595,0
16.0,35.13,0.453,5.966,93.4,6.84,6.67,7.08,6.69,20.3,14.44,0,6.22,15.128,3,48,0.038611012,1
22.2,35.13,0.453,6.456,67.8,7.55,7.08,7.43,6.84,20.3,6.73,1,5.844,10.1776,2,56,0.043331952,0
25.0,35.13,0.453,6.762,43.4,8.23,7.69,8.1,7.91,20.3,9.5,1,5.9,13.2,1,28,0.046951062,0
33.0,31.38,0.4161,7.104,59.5,9.44,9.09,9.37,8.99,21.4,8.05,1,8.26,10.264,1,30,0.038988656,0
23.5,33.37,0.398,6.29,17.8,6.62,6.43,6.85,6.55,23.9,4.67,0,9.47,12.188,3,20,0.037495888,1
19.4,33.37,0.398,5.787,31.1,6.7,6.44,6.84,6.46,23.9,10.24,0,8.988,11.1552,1,44,0.047875577,0
22.0,36.07,0.409,5.878,21.4,6.64,6.4,6.52,6.43,21.1,8.1,1,7.14,13.176,3,29,0.040528069,0
17.4,36.07,0.409,5.594,36.8,6.51,6.17,6.54,6.77,21.1,13.09,0,8.848,15.1392,3,40,0.048420864,1
20.9,36.07,0.409,5.885,33.0,6.55,6.39,6.6,6.46,21.1,8.79,0,8.318,11.1672,0,56,0.038387608,0
24.2,40.81,0.413,6.417,6.6,5.52,5.07,5.59,4.96,20.8,6.72,1,9.784,14.1936,3,38,0.040917773,1
21.7,40.81,0.413,5.961,17.5,5.44,5.2,5.42,5.09,20.8,9.88,0,10.034,13.1736,1,46,0.039985354,0
22.8,40.81,0.413,6.065,7.8,5.46,4.96,5.61,5.12,20.8,5.52,0,5.856,10.1824,3,20,0.036089025,0
23.4,40.81,0.413,6.245,6.2,5.36,5.23,5.5,5.06,20.8,7.54,1,5.968,12.1872,0,45,0.043322646,0
24.1,42.83,0.437,6.273,6.0,4.54,3.95,4.57,3.95,21.3,6.78,0,7.882,10.1928,3,40,0.038894328,0
21.4,42.83,0.437,6.286,45.0,4.83,4.5,4.83,3.86,21.3,8.94,0,6.028,10.1712,2,28,0.038144597,1
20.0,42.83,0.437,6.279,74.5,4.33,3.72,4.26,3.9,21.3,11.97,0,7.3,12.16,2,22,0.045274535,0
20.8,42.83,0.437,6.14,45.8,4.32,4.06,4.26,3.72,21.3,10.27,1,5.916,11.1664,3,57,0.041829283,0
21.2,42.83,0.437,6.232,53.7,5.34,5.0,5.1,4.62,21.3,12.34,1,8.824,15.1696,0,53,0.03764722,1
20.3,42.83,0.437,5.874,36.6,4.53,4.23,4.82,4.43,21.3,9.1,0,6.406,15.1624,1,37,0.047111045,1
28.0,34.86,0.426,6.727,33.5,5.5,5.28,5.4,5.42,21.0,5.29,1,6.46,14.224,0,54,0.037354248,1
23.9,34.86,0.426,6.619,70.4,5.71,5.11,5.71,5.08,21.0,7.22,1,5.578,12.1912,0,49,0.050032616,0
24.8,34.86,0.426,6.302,32.2,5.53,5.19,5.47,5.42,21.0,6.72,0,6.096,10.1984,3,20,0.04682196,0
22.9,34.86,0.426,6.167,46.7,5.52,5.18,5.67,5.23,21.0,7.51,1,7.558,10.1832,0,34,0.040448628,1
23.9,34.49,0.449,6.389,48.0,4.97,4.71,4.99,4.45,21.5,9.62,0,6.678,14.1912,0,23,0.042125262,0
26.6,34.49,0.449,6.63,56.1,4.75,4.15,4.49,4.37,21.5,6.53,0,9.732,12.2128,3,56,0.052065566,1
22.5,34.49,0.449,6.015,45.1,4.62,4.16,4.49,4.44,21.5,12.86,1,5.95,11.18,3,50,0.047156577,1
22.2,34.49,0.449,6.121,56.8,3.93,3.74,3.84,3.48,21.5,8.44,1,7.244,12.1776,2,43,0.050998564,0
23.6,33.41,0.489,7.007,86.3,3.5,3.09,3.44,3.65,22.2,5.5,0,6.972,10.1888,3,28,0.04554757,1
28.7,33.41,0.489,7.079,63.1,3.66,3.38,3.73,2.89,22.2,5.7,1,7.574,15.2296,2,31,0.047722824,1
22.6,33.41,0.489,6.417,66.1,3.14,2.93,3.15,3.15,22.2,8.81,1,7.352,15.1808,0,58,0.042303076,0
22.0,33.41,0.489,6.405,73.9,3.16,2.95,3.41,2.85,22.2,8.2,0,8.24,13.176,3,23,0.045096039,1
22.9,45.04,0.464,6.442,53.6,3.96,3.41,3.97,3.32,21.8,8.16,0,9.158,14.1832,0,60,0.051749737,1
25.0,45.04,0.464,6.211,28.9,3.92,3.55,3.81,3.39,21.8,6.21,0,10.3,14.2,1,46,0.049108903,1
20.6,45.04,0.464,6.249,77.3,3.81,3.34,3.92,3.39,21.8,10.59,0,5.712,13.1648,1,54,0.046459979,1
28.4,32.89,0.445,6.625,57.8,3.57,3.23,3.76,3.42,22.0,6.65,0,9.968,14.2272,3,46,0.046627461,1
21.4,32.89,0.445,6.163,69.6,3.58,3.35,3.54,3.51,22.0,11.34,0,10.228,12.1712,3,21,0.046213944,1
38.7,32.89,0.445,8.069,76.0,3.7,3.32,3.57,3.39,22.0,4.21,1,6.274,12.3096,3,53,0.041200534,1
43.8,32.89,0.445,7.82,36.9,3.54,3.42,3.6,3.43,22.0,3.57,1,10.876,10.3504,1,25,0.051129581,0
33.2,32.89,0.445,7.416,62.5,3.83,3.36,3.67,3.13,22.0,6.19,0,6.564,13.2656,3,31,0.050933645,1
27.5,38.56,0.52,6.727,79.9,3.1,2.68,2.81,2.52,19.1,9.42,1,9.65,15.22,0,24,0.046955478,0
26.5,38.56,0.52,6.781,71.3,3.15,2.74,3.12,2.42,19.1,7.67,1,7.23,10.212,3,58,0.0444151,1
18.6,38.56,0.52,6.405,85.4,3.03,2.55,2.73,2.55,19.1,10.63,0,6.772,13.1488,1,57,0.054341122,1
19.3,38.56,0.52,6.137,87.4,2.97,2.42,2.88,2.58,19.1,13.44,1,6.886,14.1544,2,36,0.05540686,1
20.1,38.56,0.52,6.167,90.0,2.63,2.25,2.68,2.13,19.1,12.33,1,7.102,10.1608,2,20,0.045728768,1
19.5,38.56,0.52,5.851,96.7,2.19,1.95,2.13,2.15,19.1,16.47,1,7.89,13.156,2,57,0.05142062,1
19.5,38.56,0.52,5.836,91.9,2.37,2.07,2.48,1.92,19.1,18.66,1,10.29,14.156,0,20,0.048169777,0
20.4,38.56,0.52,6.127,85.2,2.35,1.95,2.17,2.02,19.1,14.09,1,6.008,14.1632,1,57,0.05169746,0
19.8,38.56,0.52,6.474,97.1,2.72,2.18,2.54,2.3,19.1,12.27,0,8.596,10.1584,1,48,0.050114607,0
19.4,38.56,0.52,6.229,91.2,2.57,2.28,2.88,2.45,19.1,15.55,1,9.788,14.1552,2,41,0.055473931,0
21.7,38.56,0.52,6.195,54.4,3.05,2.6,3.04,2.42,19.1,13.0,1,6.934,10.1736,2,37,0.045227306,0
22.8,40.01,0.547,6.715,81.6,2.81,2.63,3.0,2.26,22.2,10.16,1,5.656,13.1824,3,34,0.05432915,1
18.8,40.01,0.547,5.913,92.9,2.55,2.23,2.56,2.07,22.2,16.21,1,7.899767068273092,15.1504,3,35,0.057643674,0
18.7,40.01,0.547,6.092,95.4,2.59,2.25,2.55,2.8,22.2,17.09,1,10.074,10.1496,3,59,0.060331195,0
18.5,40.01,0.547,6.254,84.2,2.54,2.14,2.29,2.05,22.2,10.45,0,6.67,12.148,1,39,0.056980267,1
18.3,40.01,0.547,5.928,88.2,2.56,2.41,2.72,2.16,22.2,15.76,0,7.566,11.1464,2,24,0.053824188,1
21.2,40.01,0.547,6.176,72.5,2.93,2.71,3.0,2.28,22.2,12.04,0,6.524,13.1696,2,23,0.052774054,1
19.2,40.01,0.547,6.021,82.6,2.77,2.49,2.92,2.81,22.2,10.3,0,9.484,15.1536,1,28,0.060808694,1
20.4,40.01,0.547,5.872,73.1,2.8,2.27,2.62,2.22,22.2,15.37,1,8.008,14.1632,3,40,0.056588861,0
19.3,40.01,0.547,5.731,65.2,2.96,2.52,2.92,2.63,22.2,13.61,1,10.186,11.1544,3,20,0.052908001,1
22.0,55.65,0.581,5.87,69.7,2.4,2.16,2.53,1.94,20.9,14.37,1,7.84,10.176,3,23,0.056973923,1
20.3,55.65,0.581,6.004,84.1,2.44,1.96,2.37,2.02,20.9,14.27,1,9.706,10.1624,1,39,0.056765616,1
20.5,55.65,0.581,5.961,92.9,2.34,1.85,2.27,1.9,20.9,17.93,1,8.91,10.164,2,51,0.060720897,1
17.3,55.65,0.581,5.856,97.0,2.22,1.82,2.07,1.67,20.9,25.41,1,9.146,10.1384,0,51,0.052355372,0
18.8,55.65,0.581,5.879,95.8,2.21,1.74,2.2,1.88,20.9,17.58,0,6.276,13.1504,3,56,0.062119064,0
21.4,55.65,0.581,5.986,88.4,2.13,1.85,2.29,1.69,20.9,14.81,1,8.128,14.1712,0,22,0.060716839,0
15.7,55.65,0.581,5.613,95.6,1.93,1.52,1.8,1.77,20.9,27.26,0,7.714,10.1256,0,42,0.063462127,0
16.2,51.89,0.624,5.693,96.0,2.09,1.73,1.84,1.49,18.8,17.19,1,5.924,15.1296,2,31,0.056659877,0
18.0,51.89,0.624,6.431,98.8,1.96,1.61,1.92,1.77,18.8,15.39,0,8.16,14.144,2,41,0.056365006,0
14.3,51.89,0.624,5.637,94.7,2.3,1.88,2.1,1.65,18.8,18.34,1,7.886,10.1144,0,30,0.058060503,0
19.2,51.89,0.624,6.458,98.9,2.37,1.93,2.36,1.81,18.8,12.6,1,8.984,13.1536,2,25,0.066273177,0
19.6,51.89,0.624,6.326,97.7,2.54,2.03,2.42,2.09,18.8,12.26,1,7.592,12.1568,2,29,0.055879606,0
23.0,51.89,0.624,6.372,97.9,2.41,2.16,2.4,2.34,18.8,11.12,1,8.96,12.184,1,57,0.05495705,1
18.4,51.89,0.624,5.822,95.4,2.73,2.42,2.53,2.21,18.8,15.03,1,10.268,10.1472,1,58,0.061670168,1
15.6,51.89,0.624,5.757,98.4,2.35,2.28,2.53,2.23,18.8,17.31,0,9.012,11.1248,1,32,0.064571272,1
18.1,51.89,0.624,6.335,98.2,2.22,2.07,2.32,1.83,18.8,16.96,1,7.862,11.1448,3,37,0.066297131,1
17.4,51.89,0.624,5.942,93.5,2.26,1.84,2.18,1.59,18.8,16.9,0,10.148,10.1392,3,37,0.062157471,1
17.1,51.89,0.624,6.454,98.4,2.15,1.53,2.17,1.55,18.8,14.59,1,6.942,11.1368,2,40,0.067321325,1
13.3,51.89,0.624,5.857,98.2,1.89,1.41,1.84,1.53,18.8,21.32,0,8.066,14.1064,3,39,0.059284665,1
17.8,51.89,0.624,6.151,97.9,1.91,1.59,1.68,1.49,18.8,18.46,1,8.656,10.1424,0,29,0.059113982,0
14.0,51.89,0.624,6.174,93.6,1.86,1.54,1.87,1.18,18.8,24.16,0,5.68,10.112,0,28,0.056976992,0
14.4,51.89,0.624,5.019,100.0,1.63,1.32,1.71,1.1,18.8,34.41,1,9.988,12.1152,2,43,0.056051787,0
13.4,49.58,0.871,5.403,100.0,1.34,1.04,1.64,1.27,25.3,26.82,1,5.268,13.1072,3,42,0.080678048,0
15.6,49.58,0.871,5.468,100.0,1.64,1.2,1.58,1.23,25.3,26.42,1,7.312,13.1248,2,25,0.07925606,0
11.8,49.58,0.871,4.903,97.8,1.48,1.08,1.55,1.27,25.3,29.29,1,6.636,13.0944,3,52,0.079429069,0
13.8,49.58,0.871,6.13,100.0,1.69,1.26,1.72,1.01,25.3,27.8,1,7.776,10.1104,3,59,0.084516058,1
15.6,49.58,0.871,5.628,100.0,1.82,1.49,1.69,1.06,25.3,16.65,1,5.612,10.1248,3,32,0.075905363,1
14.6,49.58,0.871,4.926,95.7,1.77,1.36,1.66,1.05,25.3,29.53,0,6.892,11.1168,2,24,0.079946625,0
17.8,49.58,0.871,5.186,93.8,1.58,1.23,1.6,1.72,25.3,28.32,0,9.856,14.1424,0,43,0.08378952,0
15.4,49.58,0.871,5.597,94.9,1.76,1.22,1.59,1.52,25.3,21.45,0,10.108,15.1232,2,48,0.075894744,1
21.5,49.58,0.871,6.122,97.3,1.65,1.52,1.93,1.37,25.3,14.1,0,5.53,12.172,3,34,0.083032787,0
19.6,49.58,0.871,5.404,100.0,1.86,1.46,1.77,1.27,25.3,13.28,0,6.492,11.1568,3,42,0.075318927,0
15.3,49.58,0.871,5.012,88.0,1.82,1.56,1.9,1.16,25.3,12.12,1,5.406,10.1224,2,46,0.085078322,0
19.4,49.58,0.871,5.709,98.5,1.78,1.36,1.9,1.45,25.3,15.79,0,6.088,12.1552,2,58,0.083903874,1
17.0,49.58,0.871,6.129,96.0,1.77,1.47,1.97,1.78,25.3,15.12,0,7.44,15.136,1,48,0.080515947,1
15.6,49.58,0.871,6.152,82.6,1.88,1.45,1.92,1.74,25.3,15.02,0,9.912,11.1248,3,37,0.086711473,1
13.1,49.58,0.871,5.272,94.0,1.99,1.71,1.85,1.39,25.3,16.14,0,6.362,10.1048,3,60,0.074884947,0
41.3,49.58,0.605,6.943,97.4,1.99,1.76,1.92,1.84,25.3,4.59,1,8.226,13.3304,2,57,0.05481416,0
24.3,49.58,0.605,6.066,100.0,1.96,1.54,1.9,1.63,25.3,6.43,0,8.886,13.1944,3,46,0.055598528,1
23.3,49.58,0.871,6.51,100.0,1.84,1.69,1.98,1.56,25.3,7.39,1,7.166,12.1864,0,36,0.076488584,1
27.0,49.58,0.605,6.25,92.6,1.86,1.52,1.88,1.94,25.3,5.5,1,8.44,12.216,0,23,0.051890692,0
50.0,49.58,0.605,7.489,90.8,2.17,1.89,2.13,1.69,25.3,1.73,1,10.5,11.4,2,35,0.053896795,0
50.0,49.58,0.605,7.802,98.2,2.26,1.76,2.11,2.04,25.3,1.92,1,8.4,12.4,0,22,0.055681854,0
50.0,49.58,0.605,8.375,93.9,2.26,1.94,2.4,2.05,25.3,3.32,1,8.0,12.4,3,57,0.060273298,0
22.7,49.58,0.605,5.854,91.8,2.71,2.39,2.49,2.1,25.3,11.64,1,8.354,15.1816,0,56,0.065833104,1
25.0,49.58,0.605,6.101,93.0,2.37,2.28,2.59,1.89,25.3,9.81,1,10.0,12.2,3,22,0.053283066,1
50.0,49.58,0.605,7.929,96.2,2.11,1.91,2.31,1.86,25.3,3.7,1,8.3,15.4,3,37,0.052105035,0
23.8,49.58,0.605,5.877,79.2,2.69,2.21,2.58,2.22,25.3,12.14,1,10.076,10.1904,0,22,0.054831218,1
23.8,49.58,0.605,6.319,96.1,2.29,2.04,2.24,1.83,25.3,11.1,0,6.676,11.1904,2,23,0.066262309,1
22.3,49.58,0.605,6.402,95.2,2.3,2.12,2.33,2.3,25.3,11.32,0,5.546,15.1784,1,22,0.053555634,1
17.4,49.58,0.605,5.875,94.6,2.7,2.42,2.72,1.86,25.3,14.43,0,7.948,11.1392,0,28,0.060587462,1
19.1,49.58,0.605,5.88,97.3,2.62,2.36,2.55,2.03,25.3,12.03,0,9.782,12.1528,3,54,0.057446331,1
23.1,34.05,0.51,5.572,88.5,2.7,2.54,2.73,2.42,23.4,14.69,0,9.362,12.1848,3,38,0.052949504,1
23.6,34.05,0.51,6.416,84.1,2.86,2.57,2.77,2.39,23.4,9.04,1,9.872,10.1888,2,59,0.053992976,1
22.6,34.05,0.51,5.859,68.7,2.84,2.7,3.03,2.24,23.4,9.64,1,9.752,15.1808,3,35,0.052971979,1
29.4,34.05,0.51,6.546,33.1,3.22,2.91,3.21,3.18,23.4,5.33,1,6.188,12.2352,2,48,0.050839826,0
23.2,34.05,0.51,6.02,47.2,3.75,3.41,3.78,3.28,23.4,10.11,1,8.564,15.1856,0,49,0.05195249,1
24.6,34.05,0.51,6.315,73.4,3.35,3.28,3.41,3.24,23.4,6.29,1,7.092,14.1968,0,31,0.047376831,1
29.9,34.05,0.51,6.86,74.4,3.19,2.75,3.21,2.5,23.4,6.92,0,5.898,11.2392,2,28,0.054717152,0
37.2,32.46,0.488,6.98,58.4,3.11,2.55,2.84,2.82,22.2,5.04,0,9.744,11.2976,0,50,0.045500586,0
39.8,32.46,0.488,7.765,83.3,2.98,2.66,2.96,2.36,22.2,7.56,1,8.496,14.3184,1,60,0.046516009,0
36.2,32.46,0.488,6.144,62.2,2.69,2.39,2.79,2.52,22.2,9.45,1,6.624,15.2896,3,59,0.056018002,0
37.9,32.46,0.488,7.155,92.2,2.72,2.65,2.92,2.5,22.2,4.82,1,9.258,15.3032,3,56,0.042959915,0
32.5,32.46,0.488,6.563,95.6,3.04,2.67,2.91,2.76,22.2,5.68,1,7.35,14.26,0,60,0.045047217,0
26.4,32.46,0.488,5.604,89.8,3.06,2.84,3.15,2.91,22.2,13.98,1,9.928,10.2112,0,27,0.046676165,1
29.6,32.46,0.488,6.153,68.8,3.43,3.05,3.5,3.14,22.2,13.15,1,8.192,11.2368,0,45,0.046596095,1
50.0,32.46,0.488,7.831,53.6,3.45,3.19,3.51,2.65,22.2,4.45,1,6.0,13.4,0,35,0.045703391,0
32.0,33.44,0.437,6.782,41.1,3.81,3.7,3.87,3.77,24.8,6.68,1,7.84,13.256,3,23,0.042225334,0
29.8,33.44,0.437,6.556,29.1,4.62,4.28,4.68,4.69,24.8,4.56,1,7.596,10.2384,3,40,0.045949197,1
34.9,33.44,0.437,7.185,38.9,4.83,4.43,4.68,4.33,24.8,5.39,0,9.298,14.2792,3,20,0.04637912,0
33.0,33.44,0.437,6.951,21.5,6.54,6.36,6.71,6.31,24.8,5.1,0,6.16,11.264,2,55,0.050923075,0
30.5,33.44,0.437,6.739,30.8,6.71,6.42,6.74,6.05,24.8,4.69,0,8.81,11.244,2,40,0.038316195,1
36.4,33.44,0.437,7.178,26.3,6.76,6.34,6.6,6.21,24.8,2.87,1,10.528,11.2912,0,40,0.044716451,1
31.1,32.93,0.401,6.8,9.9,6.46,6.13,6.45,5.84,24.4,5.03,0,6.822,13.2488,3,24,0.041103452,1
29.1,32.93,0.401,6.604,18.8,6.51,6.03,6.46,5.88,24.4,4.38,0,9.282,14.2328,3,59,0.04883319,1
50.0,30.46,0.422,7.875,32.0,5.81,5.53,5.76,5.5,25.6,2.97,1,8.2,14.4,3,26,0.042971351,0
33.3,31.52,0.404,7.287,34.1,7.58,7.2,7.51,6.95,27.4,4.08,1,7.266,15.2664,1,20,0.036635762,1
30.3,31.52,0.404,7.107,36.6,7.64,7.02,7.4,7.18,27.4,8.61,1,6.906,14.2424,1,24,0.040063074,1
34.6,31.52,0.404,7.274,38.3,7.53,7.22,7.46,7.03,27.4,6.62,0,10.192,14.2768,0,43,0.041173937,1
34.9,31.47,0.403,6.975,15.3,7.97,7.52,7.78,7.34,23.0,4.56,1,7.998,13.2792,2,24,0.041283982,1
32.9,31.47,0.403,7.135,13.9,7.79,7.63,7.97,7.22,23.0,4.45,0,5.958,10.2632,0,22,0.046477735,0
24.1,32.03,0.415,6.162,38.4,6.4,6.07,6.4,6.22,25.3,7.43,1,7.782,12.1928,3,32,0.041438068,0
42.3,32.03,0.415,7.61,15.7,6.35,6.09,6.53,6.1,25.3,3.11,0,10.546,14.3384,1,30,0.045898658,0
48.5,32.68,0.4161,7.853,33.2,5.37,5.03,5.3,4.77,25.3,3.81,0,8.77,11.388,2,22,0.040932911,0
50.0,32.68,0.4161,8.034,31.9,5.41,4.8,5.28,4.99,25.3,2.88,1,8.9,15.4,3,51,0.044178168,0
22.6,40.59,0.489,5.891,22.3,4.24,3.62,4.11,3.82,21.4,10.87,1,7.952,15.1808,3,26,0.056222,0
24.4,40.59,0.489,6.326,52.5,4.63,4.24,4.47,4.09,21.4,10.97,1,6.688,11.1952,3,52,0.051027894,1
22.5,40.59,0.489,5.783,72.7,4.64,4.25,4.6,3.92,21.4,18.06,1,7.95,10.18,2,38,0.05189131,0
24.4,40.59,0.489,6.064,59.1,4.3,3.99,4.55,4.12,21.4,14.66,1,6.888,14.1952,2,31,0.044689385,0
20.0,40.59,0.489,5.344,100.0,3.95,3.86,4.14,3.55,21.4,23.09,0,7.9,13.16,2,60,0.056197535,0
21.7,40.59,0.489,5.96,92.1,3.91,3.63,3.96,4.0,21.4,17.27,1,8.034,12.1736,2,36,0.044598056,0
19.3,40.59,0.489,5.404,88.6,3.99,3.41,3.8,3.46,21.4,23.98,0,5.986,14.1544,3,39,0.048873203,0
22.4,40.59,0.489,5.807,53.8,3.66,3.58,3.8,3.57,21.4,16.03,1,6.848,13.1792,3,20,0.052656085,0
28.1,40.59,0.489,6.375,32.3,4.11,3.92,4.18,3.57,21.4,9.38,1,7.562,10.2248,2,3,0.044019172,1
23.7,40.59,0.489,5.412,9.8,3.68,3.48,3.67,3.53,21.4,29.55,1,5.674,11.1896,2,21,0.056117611,0
25.0,40.59,0.489,6.182,42.4,4.15,3.81,3.96,3.87,21.4,9.47,1,7.899767068273092,12.2,0,30,0.04792534,0
23.3,43.89,0.55,5.888,56.0,3.44,2.97,3.43,2.61,23.6,13.51,1,5.466,12.1864,1,22,0.061620518,1
28.7,43.89,0.55,6.642,85.1,3.52,3.19,3.69,3.28,23.6,9.69,0,9.274,14.2296,2,23,0.048611305,1
21.5,43.89,0.55,5.951,93.8,2.92,2.88,3.08,2.68,23.6,17.92,1,8.73,14.172,2,49,0.048031734,0
23.0,43.89,0.55,6.373,92.4,3.65,3.25,3.37,3.19,23.6,10.5,1,6.16,13.184,2,21,0.056016354,1
26.7,36.2,0.507,6.951,88.5,3.03,2.72,3.03,2.66,22.6,9.71,0,8.734,11.2136,3,23,0.053540387,0
21.7,36.2,0.507,6.164,91.3,3.31,3.04,3.16,2.68,22.6,21.46,1,5.734,14.1736,2,37,0.057325565,0
27.5,36.2,0.507,6.879,77.7,3.41,3.21,3.38,3.09,22.6,9.93,1,9.45,12.22,1,50,0.046840009,0
30.1,36.2,0.507,6.618,80.8,3.5,3.2,3.54,2.84,22.6,7.6,1,9.702,12.2408,3,39,0.0490122,0
44.8,36.2,0.504,8.266,78.3,2.96,2.73,3.13,2.76,22.6,4.14,1,6.796,12.3584,0,47,0.056999654,0
50.0,36.2,0.504,8.725,83.0,3.13,2.61,2.95,2.88,22.6,4.63,1,7.5,13.4,3,20,0.056994369,0
37.6,36.2,0.504,8.04,86.5,3.49,2.96,3.31,3.1,22.6,3.13,1,5.952,10.3008,1,54,0.053115719,1
31.6,36.2,0.504,7.163,79.9,3.31,3.12,3.28,3.16,22.6,6.36,0,6.332,10.2528,3,34,0.054049996,0
46.7,36.2,0.504,7.686,17.0,3.55,3.3,3.61,3.05,22.6,3.92,1,10.134,14.3736,0,43,0.054927989,0
31.5,36.2,0.504,6.552,21.4,3.56,3.28,3.42,3.23,22.6,3.76,1,7.33,15.252,2,47,0.044352419,0
24.3,36.2,0.504,5.981,68.1,3.97,3.38,3.88,3.47,22.6,11.65,0,8.286,10.1944,2,59,0.046602048,1
31.7,36.2,0.504,7.412,76.9,3.88,3.34,3.87,3.6,22.6,5.25,1,6.734,10.2536,2,26,0.05392758,0
41.7,36.2,0.507,8.337,73.3,4.06,3.82,3.9,3.58,22.6,2.47,1,6.634,11.3336,3,28,0.057302659,1
48.3,36.2,0.507,8.247,70.4,3.82,3.49,3.74,3.55,22.6,3.95,1,9.066,11.3864,2,23,0.050358562,0
29.0,36.2,0.507,6.726,66.5,3.67,3.38,3.97,3.59,22.6,8.05,1,9.88,13.232,3,32,0.044080596,1
24.0,36.2,0.507,6.086,61.5,3.91,3.39,3.81,3.49,22.6,10.88,1,9.18,14.192,2,57,0.052493323,0
25.1,36.2,0.507,6.631,76.5,4.46,3.9,4.2,4.03,22.6,9.54,1,9.402,15.2008,1,36,0.046360973,0
31.5,36.2,0.507,7.358,71.6,4.24,3.82,4.33,4.2,22.6,4.73,1,10.53,12.252,3,34,0.056108329,1
23.7,34.93,0.428,6.481,18.5,6.26,6.12,6.45,5.93,23.4,6.36,1,7.374,12.1896,1,48,0.049067932,0
23.3,34.93,0.428,6.606,42.2,6.25,6.11,6.41,5.99,23.4,7.37,0,5.566,15.1864,1,51,0.041232141,0
27.0,34.93,0.428,6.897,54.3,6.49,6.13,6.4,6.32,23.4,11.38,1,10.24,11.216,2,24,0.038641351,0
20.1,34.93,0.428,6.095,65.1,6.43,6.08,6.63,6.2,23.4,12.4,0,8.302,13.1608,2,41,0.039667516,1
22.2,34.93,0.428,6.358,52.9,7.11,6.81,7.19,7.03,23.4,11.22,1,6.044,10.1776,3,42,0.041118808,0
23.7,34.93,0.428,6.393,7.8,7.06,6.97,7.13,6.99,23.4,5.19,1,7.374,15.1896,3,26,0.048029264,1
17.6,35.86,0.431,5.593,76.5,8.15,7.62,8.12,7.93,20.9,12.5,0,6.252,12.1408,2,42,0.041141822,0
18.5,35.86,0.431,5.605,70.2,8.28,7.83,8.28,7.43,20.9,18.46,1,9.27,10.148,2,59,0.043718216,1
24.3,35.86,0.431,6.108,34.9,8.37,7.78,8.38,7.69,20.9,9.16,1,7.086,11.1944,2,25,0.048857201,0
20.5,35.86,0.431,6.226,79.2,8.17,7.99,8.3,7.76,20.9,10.15,0,9.81,12.164,3,31,0.046513913,0
24.5,35.86,0.431,6.433,49.1,8.05,7.74,7.89,7.63,20.9,9.52,1,8.39,15.196,3,43,0.049388751,0
26.2,35.86,0.431,6.718,17.5,8.08,7.6,8.08,7.54,20.9,6.56,1,9.324,11.2096,2,39,0.044233351,1
24.4,35.86,0.431,6.487,13.0,7.5,7.32,7.63,7.14,20.9,5.9,1,6.188,14.1952,3,38,0.038843516,1
24.8,35.86,0.431,6.438,8.9,7.43,7.18,7.41,7.57,20.9,3.59,0,10.296,12.1984,0,50,0.046856215,1
29.6,35.86,0.431,6.957,6.8,9.18,8.85,9.1,8.49,20.9,3.53,0,8.992,12.2368,1,57,0.0395258,0
42.8,35.86,0.431,8.259,8.4,9.03,8.89,9.07,8.64,20.9,3.54,0,10.856,13.3424,3,53,0.050873374,0
21.9,33.64,0.392,6.108,32.0,9.39,9.01,9.31,9.16,23.6,6.57,0,6.538,12.1752,3,56,0.036968617,0
20.9,33.64,0.392,5.876,19.1,9.23,9.11,9.48,9.06,23.6,9.25,0,7.818,15.1672,2,31,0.043736448,0
44.0,33.75,0.394,7.454,34.2,6.66,6.03,6.67,5.98,24.1,3.11,0,6.68,13.352,3,38,0.042191684,0
50.0,33.97,0.647,8.704,86.9,2.09,1.53,1.83,1.76,27.0,5.12,1,8.6,11.4,3,54,0.055193191,0
36.0,33.97,0.647,7.333,100.0,2.2,1.74,2.02,1.61,27.0,7.79,1,8.02,15.288,3,58,0.060092539,1
30.1,33.97,0.647,6.842,100.0,2.2,1.82,2.32,1.71,27.0,6.9,1,7.302,11.2408,3,40,0.0598956,1
33.8,33.97,0.647,7.203,81.8,2.12,1.95,2.37,2.01,27.0,9.59,1,7.899767068273092,11.2704,0,21,0.068040719,1
43.1,33.97,0.647,7.52,89.4,2.4,2.0,2.15,2.0,27.0,7.26,1,6.662,11.3448,1,24,0.06503824,0
48.8,33.97,0.647,8.398,91.5,2.55,2.04,2.39,2.17,27.0,5.91,1,10.076,15.3904,3,24,0.055130645,0
31.0,33.97,0.647,7.327,94.5,2.41,2.02,2.21,1.68,27.0,11.25,1,5.72,11.248,2,60,0.055456883,1
36.5,33.97,0.647,7.206,91.6,1.96,1.91,2.22,1.63,27.0,8.1,1,8.53,14.292,3,36,0.058798548,0
22.8,33.97,0.647,5.56,62.8,2.1,1.97,2.06,1.81,27.0,10.45,0,7.456,13.1824,2,59,0.058891324,0
30.7,33.97,0.647,7.014,84.6,2.22,1.86,2.36,2.09,27.0,14.79,0,6.114,10.2456,3,41,0.05775938,0
50.0,33.97,0.575,8.297,67.0,2.6,2.13,2.43,2.52,27.0,7.44,1,8.0,15.4,2,42,0.063234775,0
43.5,33.97,0.575,7.47,52.6,3.17,2.62,2.98,2.71,27.0,3.16,0,9.07,15.348,0,43,0.050390185,1
20.7,36.96,0.464,5.92,61.5,4.22,3.63,3.97,3.85,21.4,13.65,0,10.414,14.1656,1,29,0.052332701,1
21.1,36.96,0.464,5.856,42.1,4.66,4.21,4.51,4.34,21.4,13.0,1,6.222,15.1688,2,27,0.046563106,0
25.2,36.96,0.464,6.24,16.3,4.56,4.37,4.69,4.1,21.4,6.59,0,6.604,10.2016,3,25,0.043394822,1
24.4,36.96,0.464,6.538,58.7,4.01,3.63,4.12,3.91,21.4,7.73,1,8.488,13.1952,3,40,0.043963559,1
35.2,36.96,0.464,7.691,51.8,4.53,4.1,4.48,4.36,21.4,6.58,1,6.004,10.2816,3,39,0.042436929,0
32.4,36.41,0.447,6.758,32.9,4.2,3.98,4.38,3.76,22.4,3.53,0,10.648,12.2592,3,30,0.042514896,1
32.0,36.41,0.447,6.854,42.8,4.28,4.1,4.54,4.15,22.4,2.98,1,8.84,12.256,3,23,0.038411883,0
33.2,36.41,0.447,7.267,49.0,4.94,4.68,4.97,4.56,22.4,6.05,0,8.564,11.2656,0,35,0.042341511,0
33.1,36.41,0.447,6.826,27.6,5.14,4.84,4.92,4.55,22.4,4.16,0,6.262,11.2648,3,21,0.041667833,0
29.1,36.41,0.447,6.482,32.1,4.22,4.08,4.4,3.85,22.4,7.19,1,6.282,10.2328,3,38,0.047733893,0
35.1,33.33,0.4429,6.812,32.2,4.35,3.92,4.22,3.91,25.1,4.85,0,9.602,12.2808,0,26,0.051259589,1
45.4,33.33,0.4429,7.82,64.5,4.98,4.67,4.84,4.29,25.1,3.76,0,7.108,10.3632,2,50,0.041950915,0
35.4,33.33,0.4429,6.968,37.2,5.55,4.92,5.57,4.94,25.1,4.59,1,8.508,14.2832,2,48,0.042131214,0
46.0,33.33,0.4429,7.645,49.7,5.46,4.94,5.43,5.01,25.1,3.01,1,8.72,12.368,0,25,0.05114129,0
50.0,31.21,0.401,7.923,24.8,6.15,5.84,5.97,5.58,26.4,3.16,1,8.7,13.4,0,20,0.048894815,0
32.2,32.97,0.4,7.088,20.8,7.44,7.0,7.64,7.15,24.7,7.85,1,7.844,12.2576,1,30,0.042339768,0
22.0,32.25,0.389,6.453,31.9,7.33,7.11,7.48,7.31,24.7,8.23,1,10.44,14.176,2,55,0.034687927,1
20.1,31.76,0.385,6.23,31.5,9.21,8.92,9.41,8.81,21.8,12.93,1,8.302,10.1608,2,39,0.033291762,0
23.2,35.32,0.405,6.209,31.3,7.45,7.2,7.58,7.05,23.4,7.14,1,9.964,14.1856,0,60,0.043226217,1
22.3,35.32,0.405,6.315,45.6,7.63,7.04,7.46,7.14,23.4,7.6,0,5.846,12.1784,3,22,0.034847434,0
24.8,35.32,0.405,6.565,22.9,7.33,6.99,7.45,7.5,23.4,9.51,0,9.096,14.1984,2,60,0.041045876,1
28.5,34.95,0.411,6.861,27.9,5.22,4.82,5.16,5.27,20.8,3.33,1,8.07,11.228,3,53,0.039614292,1
37.3,34.95,0.411,7.148,27.7,5.12,4.97,5.41,4.97,20.8,3.56,1,8.146,10.2984,2,37,0.047461264,0
27.9,34.95,0.411,6.63,23.4,5.25,5.04,5.37,4.81,20.8,4.7,0,8.458,12.2232,3,37,0.038906315,1
23.9,43.92,0.437,6.127,18.4,5.76,5.39,5.67,5.2,24.0,8.58,1,7.278,14.1912,3,46,0.04846407,1
21.7,43.92,0.437,6.009,42.3,5.54,5.47,5.56,5.44,24.0,10.4,0,8.834,11.1736,0,23,0.03857924,1
28.6,43.92,0.437,6.678,31.1,6.2,5.73,6.07,5.84,24.0,6.27,1,6.972,10.2288,3,44,0.042031036,0
27.1,43.92,0.437,6.549,51.0,6.22,5.75,6.27,5.61,24.0,7.39,0,10.442,10.2168,2,26,0.045355724,1
20.3,43.92,0.437,5.79,58.0,6.56,6.3,6.35,6.07,24.0,15.84,1,7.606,11.1624,2,42,0.052079028,0
22.5,32.24,0.4,6.345,20.1,8.0,7.67,8.03,7.61,25.2,4.97,0,9.45,13.18,0,48,0.036877731,1
29.0,32.24,0.4,7.041,10.0,7.84,7.81,8.11,7.56,25.2,4.74,1,7.98,11.232,0,36,0.04137643,1
24.8,32.24,0.4,6.871,47.4,8.09,7.68,7.89,7.65,25.2,6.07,1,9.096,11.1984,3,29,0.042859916,0
22.0,36.09,0.433,6.59,40.4,5.63,5.2,5.5,5.65,23.9,9.5,1,9.94,12.176,3,21,0.037135615,1
26.4,36.09,0.433,6.495,18.4,5.8,5.2,5.68,5.28,23.9,8.67,1,7.928,11.2112,1,42,0.03726343,0
33.1,36.09,0.433,6.982,17.7,5.81,5.36,5.51,5.29,23.9,4.86,0,8.262,14.2648,2,34,0.051095004,0
36.1,32.18,0.472,7.236,41.1,4.1,3.96,4.09,3.94,21.6,6.93,0,6.922,10.2888,3,55,0.052321498,0
28.4,32.18,0.472,6.616,58.1,3.63,3.05,3.65,3.15,21.6,8.93,0,6.568,15.2272,2,22,0.045315188,1
33.4,32.18,0.472,7.42,71.9,3.31,2.92,3.28,2.89,21.6,6.47,1,10.668,12.2672,3,23,0.050502605,1
28.2,32.18,0.472,6.849,70.3,3.28,2.89,3.31,3.25,21.6,7.53,1,10.464,12.2256,1,46,0.046920311,1
22.8,39.9,0.544,6.635,82.5,3.57,3.24,3.41,3.05,21.6,4.54,0,7.156,11.1824,3,31,0.058075982,0
20.3,39.9,0.544,5.972,76.7,3.4,2.91,3.28,2.82,21.6,9.97,1,10.106,11.1624,2,51,0.056731152,1
16.1,39.9,0.544,4.973,37.8,2.63,2.28,2.63,2.53,21.6,12.64,0,7.322,11.1288,3,27,0.056148028,1
22.1,39.9,0.544,6.122,52.8,2.89,2.34,2.77,2.55,21.6,5.98,1,8.242,15.1768,3,46,0.055734022,1
19.4,39.9,0.544,6.023,90.4,3.0,2.67,3.15,2.51,21.6,11.72,1,6.288,13.1552,2,26,0.053472691,1
21.6,39.9,0.544,6.266,82.8,3.38,2.98,3.41,3.28,21.6,7.9,1,8.832,14.1728,2,33,0.054245265,0
23.8,39.9,0.544,6.567,87.3,3.92,3.31,3.8,3.39,21.6,9.28,1,9.576,13.1904,0,56,0.054380967,0
16.2,39.9,0.544,5.705,77.7,4.02,3.8,4.11,3.85,21.6,11.5,0,6.724,12.1296,3,58,0.055817767,1
17.8,39.9,0.544,5.914,83.2,4.2,3.82,4.08,3.89,21.6,18.33,0,7.256,12.1424,3,43,0.051922204,0
19.8,39.9,0.544,5.782,71.7,4.13,3.94,4.34,3.73,21.6,15.94,0,9.796,12.1584,3,50,0.04706184,0
23.1,39.9,0.544,6.382,67.2,3.8,3.35,3.58,3.4,21.6,10.36,0,5.562,10.1848,2,53,0.051488997,1
21.0,39.9,0.544,6.113,58.8,4.07,3.86,4.24,3.84,21.6,12.73,0,10.32,12.168,1,36,0.054127891,0
23.8,37.38,0.493,6.426,52.3,4.74,4.32,4.77,4.34,20.4,7.2,1,6.776,13.1904,3,48,0.055346637,1
23.1,37.38,0.493,6.376,54.3,4.85,4.38,4.81,4.12,20.4,6.87,1,7.762,14.1848,0,40,0.046927708,1
20.4,37.38,0.493,6.041,49.9,4.93,4.43,4.87,4.66,20.4,7.7,0,8.908,13.1632,2,40,0.045674585,1
18.5,37.38,0.493,5.708,74.3,4.91,4.6,4.9,4.47,20.4,11.74,1,6.57,15.148,2,25,0.050020111,0
25.0,37.38,0.493,6.415,40.1,5.0,4.5,5.02,4.36,20.4,6.12,0,8.6,15.2,3,52,0.047326766,0
24.6,37.38,0.493,6.431,14.7,5.51,5.1,5.57,5.49,20.4,5.08,0,7.992,15.1968,2,45,0.045302946,0
23.0,37.38,0.493,6.312,28.9,5.47,5.09,5.71,5.4,20.4,6.15,1,7.06,12.184,3,36,0.048493779,1
22.2,37.38,0.493,6.083,43.7,5.59,5.38,5.48,5.21,20.4,12.79,0,9.044,15.1776,2,27,0.050830442,0
19.3,33.24,0.46,5.868,25.8,5.42,5.06,5.47,4.92,23.1,9.97,1,9.986,10.1544,0,35,0.039430781,0
22.6,33.24,0.46,6.333,17.2,5.36,5.08,5.45,4.97,23.1,7.34,0,5.552,14.1808,2,53,0.045171644,1
19.8,33.24,0.46,6.144,32.2,6.02,5.55,5.9,6.03,23.1,9.09,0,9.396,11.1584,3,26,0.043030882,1
17.1,36.06,0.4379,5.706,28.4,6.67,6.56,6.66,6.67,23.1,12.43,0,6.742,14.1368,0,21,0.052187447,1
19.4,36.06,0.4379,6.031,23.3,6.95,6.58,6.8,6.23,23.1,7.83,1,7.488,14.1552,2,22,0.051756241,1
22.2,35.19,0.515,6.316,38.1,6.76,6.2,6.53,6.34,19.8,5.68,0,9.144,11.1776,2,34,0.049894824,1
20.7,35.19,0.515,6.31,38.5,6.52,6.34,6.69,6.29,19.8,6.75,1,7.514,15.1656,1,53,0.055402331,1
21.1,35.19,0.515,6.037,34.5,6.26,5.7,6.27,5.71,19.8,8.01,1,8.922,14.1688,2,57,0.050577407,1
19.5,35.19,0.515,5.869,46.3,5.5,4.91,5.5,5.01,19.8,9.8,0,10.09,15.156,3,53,0.044682897,0
18.5,35.19,0.515,5.895,59.6,5.86,5.49,5.68,5.43,19.8,10.56,1,8.27,12.148,3,21,0.056682367,0
20.6,35.19,0.515,6.059,37.3,4.91,4.52,5.07,4.75,19.8,8.51,1,8.112,14.1648,3,26,0.053459545,0
19.0,35.19,0.515,5.985,45.4,4.89,4.64,5.05,4.67,19.8,9.74,0,6.38,11.152,0,28,0.04769962,0
18.7,35.19,0.515,5.968,58.5,5.06,4.76,4.97,4.46,19.8,9.29,1,6.474,13.1496,2,20,0.053311543,0
32.7,31.52,0.442,7.241,49.3,7.32,6.96,7.18,6.69,24.5,5.49,1,6.254,13.2616,2,48,0.052440282,0
16.5,31.89,0.518,6.54,59.7,6.46,6.21,6.59,5.81,24.1,8.65,1,7.33,11.132,3,40,0.056545656,1
23.9,33.78,0.484,6.696,56.4,6.03,5.62,5.84,5.44,22.4,7.18,1,8.978,15.1912,1,52,0.047871549,1
31.2,33.78,0.484,6.874,28.1,6.71,6.18,6.67,6.3,22.4,4.61,0,10.624,11.2496,3,23,0.046382519,1
17.5,34.39,0.442,6.014,48.5,8.24,7.91,8.23,7.67,21.2,10.53,1,7.15,13.14,0,26,0.050677119,1
17.2,34.39,0.442,5.898,52.3,8.07,7.85,8.33,7.81,21.2,12.67,0,6.044,13.1376,3,46,0.044077795,1
23.1,34.15,0.429,6.516,27.7,8.87,8.29,8.58,8.41,22.1,6.36,1,8.162,12.1848,0,47,0.038407038,0
24.5,32.01,0.435,6.635,29.7,8.62,8.18,8.54,8.03,23.0,5.99,1,6.29,13.196,2,45,0.048923889,0
26.6,31.25,0.429,6.939,34.5,8.88,8.54,8.97,8.79,20.3,5.89,1,5.632,11.2128,2,30,0.039234716,0
22.9,31.25,0.429,6.49,44.4,9.0,8.63,9.11,8.43,20.3,5.98,0,7.258,15.1832,3,55,0.038897843,1
24.1,31.69,0.411,6.579,35.9,10.98,10.43,10.85,10.59,21.7,5.49,1,5.582,10.1928,3,45,0.036212003,0
18.6,31.69,0.411,5.884,18.5,10.83,10.55,10.97,10.5,21.7,7.79,1,7.372,11.1488,3,50,0.039638648,0
30.1,32.02,0.41,6.728,36.1,12.32,11.93,12.32,11.94,23.0,4.5,1,6.102,12.2408,0,40,0.047356513,0
18.2,31.91,0.413,5.663,21.9,10.76,10.37,10.76,10.45,18.0,8.05,0,8.764,12.1456,2,34,0.046933708,0
20.6,31.91,0.413,5.936,19.5,10.82,10.5,10.62,10.4,18.0,5.57,0,9.312,13.1648,3,53,0.044335025,0
17.8,48.1,0.77,6.212,97.4,2.16,1.81,2.43,2.09,19.8,17.6,0,5.956,14.1424,2,39,0.077295155,1
21.7,48.1,0.77,6.395,91.0,2.83,2.45,2.62,2.12,19.8,13.27,0,7.034,13.1736,0,56,0.075544099,0
22.7,48.1,0.77,6.127,83.4,2.96,2.4,2.9,2.63,19.8,11.48,0,6.354,15.1816,1,42,0.076655095,0
22.6,48.1,0.77,6.112,81.3,2.78,2.38,2.56,2.31,19.8,12.67,0,7.899767068273092,14.1808,0,26,0.074238745,0
25.0,48.1,0.77,6.398,88.0,2.73,2.42,2.69,2.23,19.8,7.79,0,8.8,10.2,2,37,0.067257872,1
19.9,48.1,0.77,6.251,91.1,2.58,1.98,2.3,2.32,19.8,14.19,1,8.898,13.1592,3,56,0.073252182,0
20.8,48.1,0.77,5.362,96.2,2.27,1.8,2.21,2.14,19.8,10.19,0,8.016,14.1664,0,52,0.069929484,0
16.8,48.1,0.77,5.803,89.0,1.98,1.7,1.97,1.97,19.8,14.64,1,9.736,15.1344,1,57,0.08028456,0
21.9,48.1,0.718,8.78,82.9,1.97,1.71,1.92,2.02,19.8,5.29,0,8.038,12.1752,3,26,0.062172824,1
27.5,48.1,0.718,3.561,87.9,1.63,1.55,1.68,1.59,19.8,7.12,1,8.05,12.22,3,51,0.067931991,0
21.9,48.1,0.718,4.963,91.4,2.08,1.55,1.86,1.51,19.8,14.0,0,10.238,14.1752,0,58,0.075653918,0
23.1,48.1,0.631,3.863,100.0,1.53,1.39,1.54,1.57,19.8,13.33,0,9.962,11.1848,0,24,0.055889023,0
50.0,48.1,0.631,4.97,100.0,1.47,1.11,1.52,1.23,19.8,3.26,0,9.7,13.4,3,41,0.062356485,0
50.0,48.1,0.631,6.683,96.8,1.55,1.28,1.65,0.94,19.8,3.73,1,6.7,15.4,3,58,0.06747724,0
50.0,48.1,0.631,7.016,97.5,1.4,0.92,1.2,1.28,19.8,2.96,1,10.1,12.4,2,46,0.05922939,0
50.0,48.1,0.631,6.216,100.0,1.38,0.95,1.36,0.99,19.8,9.53,1,9.8,13.4,2,25,0.060880135,0
50.0,48.1,0.668,5.875,89.6,1.13,1.01,1.25,1.12,19.8,8.88,1,10.8,12.4,2,57,0.06447881,0
13.8,48.1,0.668,4.906,100.0,1.48,0.99,1.28,0.95,19.8,34.77,1,6.876,13.1104,2,56,0.061022409,0
13.8,48.1,0.668,4.138,100.0,1.46,1.04,1.15,0.9,19.8,37.97,0,7.076,13.1104,0,35,0.071138748,0
15.0,48.1,0.671,7.313,97.9,1.62,1.31,1.61,0.73,19.8,13.44,0,8.9,15.12,2,45,0.062426718,1
13.9,48.1,0.671,6.649,93.3,1.65,1.11,1.37,1.25,19.8,23.24,1,9.478,15.1112,2,26,0.070452383,0
13.3,48.1,0.671,6.794,98.8,1.57,1.07,1.52,1.27,19.8,21.24,1,6.066,14.1064,2,22,0.069007471,1
13.1,48.1,0.671,6.38,96.2,1.52,1.22,1.53,1.27,19.8,23.69,1,9.262,14.1048,0,54,0.06315332,0
10.2,48.1,0.671,6.223,100.0,1.48,1.13,1.48,1.46,19.8,21.78,0,7.904,11.0816,1,46,0.058067105,1
10.4,48.1,0.671,6.968,91.9,1.66,1.14,1.69,1.18,19.8,17.21,1,9.408,14.0832,2,21,0.066591139,1
10.9,48.1,0.671,6.545,99.1,1.78,1.3,1.64,1.35,19.8,21.08,0,8.618,10.0872,1,60,0.05814884,1
11.3,48.1,0.7,5.536,100.0,1.9,1.55,1.72,1.14,19.8,23.6,1,8.226,11.0904,3,46,0.060649594,0
12.3,48.1,0.7,5.52,100.0,1.71,1.33,1.72,1.38,19.8,24.56,0,6.746,15.0984,0,41,0.070122485,0
8.8,48.1,0.7,4.368,91.2,1.5,1.34,1.48,1.44,19.8,30.63,0,5.676,14.0704,3,25,0.062556587,0
7.2,48.1,0.7,5.277,98.1,1.46,1.23,1.62,1.4,19.8,30.81,0,10.144,13.0576,1,36,0.059990848,0
10.5,48.1,0.7,4.652,100.0,1.71,1.36,1.72,1.08,19.8,28.28,1,7.71,15.084,3,34,0.059673708,0
7.4,48.1,0.7,5.0,89.5,1.79,1.48,1.77,1.04,19.8,31.99,0,8.348,15.0592,1,54,0.061626983,0
10.2,48.1,0.7,4.88,100.0,1.77,1.37,1.65,1.57,19.8,30.62,0,6.104,10.0816,0,25,0.071030258,0
11.5,48.1,0.7,5.39,98.9,2.0,1.5,1.95,1.47,19.8,20.85,0,6.03,12.092,1,51,0.061502094,0
15.1,48.1,0.7,5.713,97.0,2.2,1.71,2.23,1.56,19.8,17.11,1,9.702,11.1208,3,20,0.071082586,1
23.2,48.1,0.7,6.051,82.5,2.17,1.91,2.48,2.12,19.8,18.76,1,9.664,10.1856,3,53,0.061832936,0
9.7,48.1,0.7,5.036,97.0,1.98,1.75,1.93,1.42,19.8,25.68,0,5.494,14.0776,2,51,0.068542099,0
13.8,48.1,0.693,6.193,92.6,1.89,1.66,2.09,1.53,19.8,15.17,0,9.076,14.1104,3,55,0.062731082,0
12.7,48.1,0.693,5.887,94.7,1.99,1.54,2.06,1.54,19.8,16.35,0,6.754,15.1016,2,40,0.065389612,0
13.1,48.1,0.693,6.471,98.8,2.04,1.48,1.83,1.55,19.8,17.12,0,5.762,15.1048,1,29,0.071121639,1
12.5,48.1,0.693,6.405,96.0,1.77,1.64,1.8,1.49,19.8,19.37,1,5.45,11.1,3,24,0.068462877,1
8.5,48.1,0.693,5.747,98.9,1.73,1.54,1.75,1.52,19.8,19.92,0,9.27,14.068,2,22,0.06623652,1
5.0,48.1,0.693,5.453,100.0,1.57,1.26,1.79,1.34,19.8,30.59,0,9.3,13.04,0,26,0.065253151,0
6.3,48.1,0.693,5.852,77.8,1.7,1.24,1.72,1.34,19.8,29.97,0,6.726,14.0504,3,42,0.061264059,1
5.6,48.1,0.693,5.987,100.0,1.73,1.38,1.92,1.33,19.8,26.77,1,9.212,11.0448,0,30,0.061734722,1
7.2,48.1,0.693,6.343,100.0,1.76,1.34,1.81,1.39,19.8,20.32,1,7.344,10.0576,2,50,0.070291108,1
12.1,48.1,0.693,6.404,100.0,1.66,1.36,1.77,1.76,19.8,20.31,0,5.442,14.0968,3,42,0.068858839,1
8.3,48.1,0.693,5.349,96.0,1.75,1.38,1.88,1.8,19.8,19.77,1,7.899767068273092,15.0664,3,40,0.067688666,1
8.5,48.1,0.693,5.531,85.4,1.9,1.56,1.63,1.34,19.8,27.38,0,8.47,11.068,2,56,0.061470408,1
5.0,48.1,0.693,5.683,100.0,1.53,1.19,1.44,1.54,19.8,22.98,1,7.3,14.04,3,38,0.065307953,1
11.9,48.1,0.659,4.138,100.0,1.46,1.01,1.4,0.84,19.8,23.34,1,8.538,14.0952,3,53,0.061901185,1
27.9,48.1,0.659,5.608,100.0,1.46,1.08,1.39,1.22,19.8,12.13,1,6.658,13.2232,3,26,0.067194873,0
17.2,48.1,0.597,5.617,97.9,1.53,1.35,1.57,1.37,19.8,26.4,0,6.444,12.1376,3,25,0.052765327,0
27.5,48.1,0.597,6.852,100.0,1.52,1.28,1.48,1.58,19.8,19.78,1,7.65,14.22,0,57,0.056582992,0
15.0,48.1,0.597,5.757,100.0,1.69,1.32,1.58,1.06,19.8,10.11,0,9.6,11.12,3,52,0.061616148,1
17.2,48.1,0.597,6.657,100.0,1.56,1.41,1.66,1.48,19.8,21.22,0,9.644,14.1376,2,44,0.055100907,0
17.9,48.1,0.597,4.628,100.0,1.77,1.54,1.78,1.13,19.8,34.37,0,8.358,15.1432,2,40,0.058674621,0
16.3,48.1,0.597,5.155,100.0,1.84,1.37,1.61,1.53,19.8,20.08,0,6.626,14.1304,3,58,0.055800358,0
7.0,48.1,0.693,4.519,100.0,1.74,1.5,1.9,1.49,19.8,36.98,1,6.04,12.056,3,40,0.069262801,0
7.2,48.1,0.679,6.434,100.0,1.88,1.75,1.84,1.87,19.8,29.05,0,8.644,11.0576,2,59,0.058726791,0
7.5,48.1,0.679,6.782,90.8,1.9,1.54,2.04,1.8,19.8,25.79,1,7.899767068273092,10.06,3,35,0.06461937,1
10.4,48.1,0.679,5.304,89.1,1.73,1.39,1.81,1.67,19.8,26.64,1,8.608,15.0832,1,60,0.058834904,0
8.8,48.1,0.679,5.957,100.0,1.96,1.69,1.85,1.7,19.8,20.62,0,8.476,12.0704,2,52,0.067903567,0
8.4,48.1,0.718,6.824,76.5,2.05,1.79,2.08,1.25,19.8,22.74,0,5.968,13.0672,2,26,0.063264165,1
16.7,48.1,0.718,6.411,100.0,1.93,1.81,1.88,1.81,19.8,15.02,1,6.034,13.1336,1,48,0.064850926,0
14.2,48.1,0.718,6.006,95.3,1.98,1.57,1.88,2.07,19.8,15.7,0,8.284,10.1136,2,29,0.075559551,1
20.8,48.1,0.614,5.648,87.6,2.13,1.94,2.2,1.54,19.8,14.1,0,8.916,11.1664,2,36,0.058066317,1
13.4,48.1,0.614,6.103,85.1,2.08,1.8,2.34,1.87,19.8,23.29,0,8.268,81.12,0,29,0.063343967,0
11.7,48.1,0.584,5.565,70.6,2.26,1.99,2.38,1.63,19.8,17.16,0,7.834,11.0936,2,57,0.063779016,1
8.3,48.1,0.679,5.896,95.4,2.15,1.71,1.97,1.81,19.8,24.39,1,5.566,15.0664,0,51,0.067305708,0
10.2,48.1,0.584,5.837,59.7,2.27,1.67,2.19,1.86,19.8,15.69,0,9.104,14.0816,2,33,0.055707938,1
10.9,48.1,0.679,6.202,78.7,2.07,1.66,2.12,1.6,19.8,14.52,0,7.518,11.0872,0,42,0.066286981,1
11.0,48.1,0.679,6.193,78.1,2.12,1.86,1.99,1.78,19.8,21.52,1,8.52,12.088,3,45,0.067890699,1
9.5,48.1,0.679,6.38,95.6,1.98,1.69,2.13,2.07,19.8,24.08,1,8.79,12.076,2,52,0.064037395,0
14.5,48.1,0.584,6.348,86.1,2.28,1.79,2.16,1.99,19.8,17.64,0,9.09,11.116,3,53,0.063629899,1
14.1,48.1,0.584,6.833,94.3,2.1,1.89,2.27,2.09,19.8,19.69,1,6.682,14.1128,0,29,0.054610526,1
16.1,48.1,0.584,6.425,74.8,2.4,1.92,2.34,2.14,19.8,12.03,1,8.722,10.1288,2,42,0.053705297,1
14.3,48.1,0.713,6.436,87.9,2.34,2.23,2.4,2.3,19.8,16.22,0,6.186,10.1144,1,46,0.061400159,0
11.7,48.1,0.713,6.208,95.0,2.44,2.09,2.31,2.05,19.8,15.17,0,7.834,11.0936,2,37,0.074839333,1
13.4,48.1,0.74,6.629,94.6,2.15,1.97,2.14,2.24,19.8,23.27,0,10.168,12.1072,1,46,0.076801062,0
9.6,48.1,0.74,6.461,93.3,2.32,1.82,2.11,1.75,19.8,18.05,1,6.092,10.0768,3,57,0.070157854,0
8.2,48.1,0.74,6.152,100.0,2.01,1.86,1.97,1.81,19.8,26.45,0,9.864,11.0656,2,60,0.06739388,1
8.4,48.1,0.74,5.935,87.9,1.85,1.61,1.87,1.95,19.8,34.02,1,9.568,14.0672,2,57,0.071117798,0
12.8,48.1,0.74,5.627,93.9,1.87,1.72,2.01,1.67,19.8,22.88,1,8.456,15.1024,2,50,0.073012667,0
10.5,48.1,0.74,5.818,92.4,2.03,1.66,1.96,1.81,19.8,22.11,0,7.41,12.084,2,38,0.075248915,1
17.1,48.1,0.74,6.406,97.2,2.33,1.97,2.16,1.81,19.8,19.52,1,9.242,15.1368,1,58,0.077408024,0
14.8,48.1,0.74,6.219,100.0,2.08,1.97,2.03,1.94,19.8,16.59,0,7.096,14.1184,3,54,0.07711596,0
15.4,48.1,0.74,6.485,100.0,2.29,1.8,2.2,1.62,19.8,18.85,0,6.608,14.1232,3,21,0.06694984,1
10.8,48.1,0.74,5.854,96.6,1.93,1.79,2.07,1.8,19.8,23.79,0,5.516,12.0864,1,34,0.065304838,0
11.8,48.1,0.74,6.459,94.8,2.2,1.7,2.01,2.04,19.8,23.98,1,5.336,12.0944,3,28,0.076180913,1
14.9,48.1,0.74,6.341,96.4,2.23,2.04,2.22,1.79,19.8,17.79,0,10.198,15.1192,2,41,0.070659667,0
12.6,48.1,0.74,6.251,96.6,2.51,2.01,2.23,2.04,19.8,16.44,1,9.752,11.1008,2,37,0.064950729,1
14.1,48.1,0.713,6.185,98.7,2.43,2.2,2.37,2.04,19.8,18.13,1,9.082,13.1128,2,52,0.067950544,0
13.0,48.1,0.713,6.417,98.3,2.5,2.11,2.19,1.94,19.8,19.31,1,8.06,12.104,2,27,0.073411072,0
13.4,48.1,0.713,6.749,92.6,2.4,2.11,2.37,2.4,19.8,17.44,1,9.068,13.1072,0,59,0.06132192,1
15.2,48.1,0.713,6.655,98.2,2.51,2.23,2.65,2.03,19.8,17.73,1,8.104,11.1216,2,41,0.061385953,0
16.1,48.1,0.713,6.297,91.8,2.48,2.26,2.37,2.36,19.8,17.27,0,6.722,15.1288,2,21,0.064521583,1
17.8,48.1,0.713,7.393,99.3,2.77,2.31,2.64,2.09,19.8,16.74,1,5.956,11.1424,3,42,0.069112577,1
14.4,48.1,0.713,6.728,94.1,2.5,2.2,2.75,2.54,19.8,18.71,0,5.888,14.1152,3,34,0.066068471,1
14.1,48.1,0.713,6.525,86.5,2.61,2.42,2.74,1.97,19.8,18.13,0,7.782,14.1128,3,36,0.061925584,0
12.7,48.1,0.713,5.976,87.9,2.65,2.3,2.78,2.59,19.8,19.01,0,7.154,15.1016,3,31,0.06376258,0
13.5,48.1,0.713,5.936,80.3,2.86,2.49,2.81,2.96,19.8,16.94,0,8.87,13.108,2,46,0.074872202,1
14.9,48.1,0.713,6.301,83.7,3.1,2.57,2.82,2.65,19.8,16.23,0,5.598,15.1192,3,39,0.064939128,1
20.0,48.1,0.713,6.081,84.4,2.74,2.48,2.8,2.85,19.8,14.7,1,5.4,14.16,0,27,0.072635554,0
16.4,48.1,0.713,6.701,90.0,2.9,2.38,2.63,2.48,19.8,16.42,1,9.428,12.1312,3,29,0.060878559,1
17.7,48.1,0.713,6.376,88.4,2.82,2.23,2.59,2.62,19.8,14.65,1,9.854,13.1416,2,24,0.062928764,1
19.5,48.1,0.713,6.317,83.0,3.04,2.43,2.8,2.67,19.8,13.99,0,5.89,15.156,3,22,0.070732691,0
20.2,48.1,0.713,6.513,89.9,3.06,2.61,2.84,2.7,19.8,10.29,1,8.804,15.1616,2,30,0.075168226,0
21.4,48.1,0.655,6.209,65.4,3.16,2.88,3.1,2.72,19.8,13.22,0,7.828,11.1712,1,55,0.057674333,1
19.9,48.1,0.655,5.759,48.2,3.26,2.81,3.27,2.92,19.8,14.13,0,9.998,12.1592,2,43,0.065980125,0
19.0,48.1,0.655,5.952,84.7,3.13,2.54,3.08,2.74,19.8,17.15,1,8.38,10.152,2,21,0.057142887,1
19.1,48.1,0.584,6.003,94.5,2.64,2.21,2.85,2.46,19.8,21.32,0,9.482,13.1528,1,21,0.050545377,0
19.1,48.1,0.58,5.926,71.0,2.96,2.9,3.12,2.66,19.8,18.13,0,5.882,15.1528,2,28,0.049370098,0
20.1,48.1,0.58,5.713,56.7,3.02,2.59,3.12,2.57,19.8,14.76,0,6.302,13.1608,2,27,0.051188122,1
19.9,48.1,0.58,6.167,84.0,3.22,2.97,3.06,2.89,19.8,16.29,0,5.598,12.1592,3,36,0.063720531,1
19.6,48.1,0.532,6.229,90.7,3.28,2.79,3.17,3.15,19.8,12.87,1,8.692,13.1568,1,52,0.04747729,0
23.2,48.1,0.58,6.437,75.0,3.04,2.63,3.01,2.9,19.8,14.36,1,8.464,15.1856,1,39,0.063409461,0
29.8,48.1,0.614,6.98,67.6,2.77,2.35,2.54,2.47,19.8,11.66,1,7.396,15.2384,1,56,0.062915696,0
13.8,48.1,0.584,5.427,95.4,2.61,2.33,2.56,2.21,19.8,18.14,0,9.076,11.1104,1,47,0.049707252,0
13.3,48.1,0.584,6.162,97.4,2.5,2.17,2.5,1.65,19.8,24.1,1,9.066,11.1064,0,27,0.063035421,0
16.7,48.1,0.614,6.484,93.6,2.58,2.3,2.48,1.85,19.8,18.68,1,6.134,14.1336,3,22,0.056696324,1
12.0,48.1,0.614,5.304,97.3,2.28,1.99,2.41,1.73,19.8,24.91,0,9.34,15.096,0,39,0.061921548,0
14.6,48.1,0.614,6.185,96.7,2.29,1.98,2.36,2.05,19.8,18.03,1,5.292,15.1168,0,60,0.065217793,0
21.4,48.1,0.614,6.229,88.0,2.27,1.82,2.08,1.63,19.8,13.11,0,6.128,10.1712,3,32,0.063157529,1
23.0,48.1,0.532,6.242,64.7,3.48,3.38,3.72,3.11,19.8,10.74,0,8.56,13.184,3,22,0.046089256,0
23.7,48.1,0.532,6.75,74.9,3.44,3.26,3.38,3.24,19.8,7.74,0,6.974,15.1896,2,46,0.046987414,1
25.0,48.1,0.532,7.061,77.0,3.67,3.33,3.46,3.18,19.8,7.01,0,5.5,11.2,0,29,0.058384238,0
21.8,48.1,0.532,5.762,40.3,4.41,3.89,4.25,3.85,19.8,10.42,0,9.636,14.1744,1,57,0.048221723,1
20.6,48.1,0.583,5.871,41.9,3.93,3.56,3.77,3.63,19.8,13.34,1,8.112,12.1648,0,31,0.060860495,0
21.2,48.1,0.583,6.312,51.9,4.03,3.85,4.07,4.01,19.8,10.58,0,9.024,13.1696,1,51,0.049993542,0
19.1,48.1,0.583,6.114,79.8,3.55,3.34,3.76,3.53,19.8,14.98,1,8.582,12.1528,2,57,0.059506497,0
20.6,48.1,0.583,5.905,53.2,3.36,2.85,3.16,3.23,19.8,11.45,0,8.412,11.1648,2,44,0.062054499,1
15.2,57.74,0.609,5.454,92.7,2.1,1.57,1.96,1.65,19.9,18.06,0,6.004,14.1216,2,28,0.060475976,0
7.0,57.74,0.609,5.414,98.3,2.08,1.53,1.94,1.48,19.9,23.97,0,9.84,15.056,2,29,0.065888635,1
8.1,57.74,0.609,5.093,98.0,1.97,1.6,1.95,1.77,19.9,29.68,1,9.162,10.0648,1,49,0.062741536,1
13.6,57.74,0.609,5.983,98.8,1.96,1.69,2.06,1.76,19.9,18.07,0,7.072,14.1088,2,47,0.056278464,1
20.1,57.74,0.609,5.983,83.5,2.25,1.82,2.12,2.24,19.9,13.35,1,8.902,13.1608,3,57,0.062228045,1
21.8,39.69,0.585,5.707,54.0,2.7,2.27,2.42,2.14,20.8,12.01,1,5.936,14.1744,3,31,0.058020893,1
24.5,39.69,0.585,5.926,42.6,2.55,2.14,2.39,2.44,20.8,13.59,1,8.79,11.196,3,47,0.054577495,1
23.1,39.69,0.585,5.67,28.8,3.08,2.49,3.07,2.56,20.8,17.6,0,8.462,14.1848,1,55,0.055591669,0
19.7,39.69,0.585,5.39,72.9,2.86,2.61,2.98,2.74,20.8,21.14,0,7.899767068273092,12.1576,3,44,0.061026488,0
18.3,39.69,0.585,5.794,70.6,3.04,2.59,3.06,2.88,20.8,14.1,1,5.366,14.1464,0,55,0.057946368,0
21.2,39.69,0.585,6.019,65.3,2.68,2.25,2.58,2.12,20.8,12.92,1,5.824,14.1696,3,32,0.054545842,0
17.5,39.69,0.585,5.569,73.5,2.46,2.39,2.49,2.26,20.8,15.1,0,9.85,14.14,0,47,0.063466301,1
16.8,39.69,0.585,6.027,79.7,2.64,2.47,2.82,2.06,20.8,14.33,0,6.236,14.1344,0,54,0.052497379,0
22.4,41.93,0.573,6.593,69.1,2.64,2.45,2.76,2.06,19.0,9.67,0,9.348,12.1792,1,27,0.056005681,1
20.6,41.93,0.573,6.12,76.7,2.44,2.11,2.46,2.14,19.0,9.08,1,6.612,13.1648,1,20,0.059903421,1
23.9,41.93,0.573,6.976,91.0,2.34,2.06,2.29,1.98,19.0,5.64,0,5.478,12.1912,2,31,0.057572286,1
22.0,41.93,0.573,6.794,89.3,2.54,2.31,2.4,2.31,19.0,6.48,1,7.94,15.176,2,47,0.060694299,1
19.0,41.93,0.573,6.03,80.8,2.72,2.24,2.64,2.42,19.0,7.88,1,10.28,10.152,2,45,0.060335899,1
